<?xml version="1.0" encoding="UTF-8"?>
<manifest identifier="com.example.scorm" version="1.2"
    xmlns="http://www.imsproject.org/xsd/imscp_rootv1p1p2"
    xmlns:adlcp="http://www.adlnet.org/xsd/adlcp_rootv1p2"
    xmlns:xsi="http://www.w3.org/2001/XMLSchema-instance"
    xsi:schemaLocation="http://www.imsproject.org/xsd/imscp_rootv1p1p2 imscp_rootv1p1p2.xsd
                        http://www.imsglobal.org/xsd/imsmd_rootv1p2p1 imsmd_rootv1p2p1.xsd
                        http://www.adlnet.org/xsd/adlcp_rootv1p2 adlcp_rootv1p2.xsd">
    <metadata>
        <schema>ADL SCORM</schema>
        <schemaversion>1.2</schemaversion>
        <adlcp:location>metadata.xml</adlcp:location>
    </metadata>
    <organizations default="org1">
        <organization identifier="org1">
            <title>Clase SCORM</title>
            <item identifier="item1" identifierref="resource1">
                <title>Contenido</title>
                <adlcp:prerequisites type="aicc_script">ALWAYS</adlcp:prerequisites>
                <adlcp:maxtimeallowed></adlcp:maxtimeallowed>
                <adlcp:timelimitaction>continue,no message</adlcp:timelimitaction>
                <adlcp:datafromlms></adlcp:datafromlms>
                <adlcp:masteryscore>80</adlcp:masteryscore>
            </item>
        </organization>
    </organizations>
    <resources>
        <resource identifier="resource1" type="webcontent" adlcp:scormtype="sco" href="index.html">
            <file href="index.html"/>
            <file href="questions.html"/>
            <dependency identifierref="common_files"/>
        </resource>
        <resource identifier="common_files" type="webcontent" adlcp:scormtype="asset">
            <file href="class-image.jpg"/>
        </resource>
    </resources>
</manifest>